,Unnamed: 0,product_uid,product_description
0,0,100001,"['angle', 'make', 'joint', 'stronger', 'also', 'provide', 'consistent', 'straight', 'corner', 'simpson', 'strongtie', 'offer', 'wide', 'variety', 'angle', 'various', 'size', 'thickness', 'handle', 'lightduty', 'job', 'project', 'structural', 'connection', 'needed', 'bent', 'skewed', 'match', 'project', 'outdoor', 'project', 'moisture', 'present', 'use', 'zmax', 'zinccoated', 'connector', 'provide', 'extra', 'resistance', 'corrosion', 'look', 'z', 'end', 'model', 'numberversatile', 'connector', 'various', 'connection', 'home', 'repair', 'projectsstronger', 'angled', 'nailing', 'screw', 'fastening', 'alonehelp', 'ensure', 'joint', 'consistently', 'straight', 'strongdimensions', 'inmade', '12gauge', 'steelgalvanized', 'extra', 'corrosion', 'resistanceinstall', '10d', 'common', 'nail', 'strongdrive', 'sd', 'screw']"
1,1,100002,"['behr', 'premium', 'textured', 'deckover', 'innovative', 'solid', 'color', 'coating', 'bring', 'old', 'weathered', 'wood', 'concrete', 'back', 'life', 'advanced', 'acrylic', 'resin', 'formula', 'creates', 'durable', 'coating', 'tired', 'worn', 'deck', 'rejuvenating', 'whole', 'new', 'look', 'best', 'result', 'sure', 'properly', 'prepare', 'surface', 'using', 'applicable', 'behr', 'product', 'displayed', 'abovecalifornia', 'resident', 'seenbspproposition', 'informationrevives', 'wood', 'composite', 'deck', 'railing', 'porch', 'boat', 'dock', 'also', 'great', 'concrete', 'pool', 'deck', 'patio', 'sidewalks100', 'acrylic', 'solid', 'color', 'coatingresists', 'cracking', 'peeling', 'conceals', 'splinter', 'crack', 'inprovides', 'durable', 'mildew', 'resistant', 'finishcovers', 'coat', 'per', 'galloncreates', 'textured', 'slipresistant', 'finishfor', 'best', 'result', 'prepare', 'appropriate', 'behr', 'product', 'wood', 'concrete', 'surfaceactual', 'paint', 'color', 'may', 'vary', 'onscreen', 'printer', 'representationscolors', 'available', 'tinted', 'storesonline', 'price', 'includes', 'paint', 'care', 'fee', 'following', 'state', 'ca', 'co', 'ct', 'mn', 'ri', 'vt']"
2,2,100003,"['classic', 'architecture', 'meet', 'contemporary', 'design', 'ensemble', 'curve', 'series', 'made', 'solid', 'vikrell', 'material', 'blending', 'sleek', 'clean', 'line', 'gentle', 'curve', 'corner', 'shelving', 'perfect', 'storing', 'bath', 'accessory', 'modular', 'design', 'allows', 'moved', 'around', 'corner', 'doorway', 'ease', 'curve', 'wall', 'smooth', 'contemporary', 'look', 'featuring', 'integrated', 'storage', 'shelvesslightly', 'narrower', 'tighter', 'spacesdesigned', 'aprondurable', 'highgloss', 'finish', 'provides', 'smooth', 'shiny', 'surface', 'easy', 'cleanconforms', 'ansi', 'z12412', 'csa', 'b451', 'national', 'consensus', 'standardscurve', 'wall', 'smooth', 'contemporary', 'look', 'featuring', 'integrated', 'storage', 'shelf']"
3,3,100004,"['grape', 'solar', '265watt', 'polycrystalline', 'pv', 'solar', 'panel', 'bonus', 'pack', 'bundle', 'grape', 'solar', '265watt', 'solar', 'panel', 'extra', 'saving', 'grape', 'solar', '265watt', 'polycrystalline', 'pv', 'solar', 'panel', 'us', 'high', 'efficiency', 'solar', 'cell', 'approximately', 'made', 'quality', 'silicon', 'material', 'high', 'module', 'conversion', 'efficiency', 'long', 'term', 'output', 'stability', 'reliability', 'virtually', 'maintenance', 'free', 'high', 'transmittance', 'low', 'iron', 'tempered', 'glass', 'durability', 'enhanced', 'impact', 'resistancepositive', 'power', 'tolerance', '5wattantireflective', 'antisoiling', 'surface', 'reduces', 'power', 'loss', 'dirt', 'dustoutstanding', 'performance', 'lowlight', 'irradiances', 'environmentscertified', 'withstand', 'high', 'wind', 'snow', 'loads100', 'electroluminescence', 'inspection', 'ensures', 'module', 'defect', 'freepositive', 'negative', 'lead', 'quipped', 'mc4', 'connector']"
4,4,100005,"['update', 'bathroom', 'delta', 'vero', 'singlehandle', 'shower', 'faucet', 'trim', 'kit', 'chrome', 'ha', 'sleek', 'modern', 'minimalistic', 'aesthetic', 'multichoice', 'universal', 'valve', 'keep', 'water', 'temperature', 'within', 'degree', 'fahrenheit', 'help', 'prevent', 'scaldingcalifornia', 'resident', 'seenbspproposition', 'informationincludes', 'trim', 'kit', 'roughin', 'kit', 'r10000unbx', 'sold', 'separatelyincludes', 'handlemaintains', 'balanced', 'pressure', 'hot', 'cold', 'water', 'even', 'valve', 'turned', 'elsewhere', 'systemdue', 'watersense', 'regulation', 'state', 'new', 'york', 'please', 'confirm', 'shipping', 'zip', 'code', 'restricted', 'use', 'item', 'meet', 'watersense', 'qualification']"
5,5,100006,"['achieving', 'delicious', 'result', 'almost', 'effortless', 'whirlpool', 'overtherange', 'microwave', 'hood', 'convection', 'cooking', 'capacity', 'youll', 'room', 'prepare', 'multiple', 'dish', 'wont', 'micromanage', 'cooking', 'process', 'thanks', 'sensor', 'cooking', 'option', 'sensor', 'cooking', 'track', 'cooking', 'progress', 'automatically', 'adjusts', 'cooking', 'time', 'convection', 'roasting', 'baking', 'allows', 'bake', 'cake', 'bread', 'cooky', 'roast', 'meat', 'ease', 'cleanup', 'simple', 'industry', 'leading', 'cleanrelease', 'nonstick', 'interior', 'surface', 'easily', 'release', 'cookedon', 'food', 'without', 'use', 'harsh', 'chemical', 'damp', 'cloth', 'sponge', 'needed', 'remove', 'cookedon', 'spill', 'splashescalifornia', 'resident', 'seenbspproposition', 'informationspacious', 'capacity', 'accommodates', 'dinner', 'plate', 'casserole', 'dish', 'ease1100', 'watt', 'cooking', 'power', 'cooking', 'level', 'make', 'cooking', 'reheating', 'snap400', 'cfm', 'venting', 'system', 'whisk', 'smoke', 'steam', 'odor', 'away', 'cooktop', 'keep', 'kitchen', 'air', 'clearsingle', 'piece', 'door', 'builtin', 'touchactivated', 'control', 'console', 'streamlines', 'exterior', 'sleek', 'modern', 'look', 'easy', 'cleanupcook', 'confidence', 'sensor', 'programmed', 'cooking', 'cycle', 'option', 'sensor', 'cycle', 'include', 'steamsimmer', 'accupop', 'potato', 'fast', 'prep', 'family', 'favoriteskids', 'menu', 'simple', 'fast', 'kids', 'menu', 'preset', 'cooking', 'time', 'power', 'level', 'variety', 'favorite', 'like', 'pizza', 'chicken', 'nugget', 'school', 'snack', 'dont', 'afternoon', 'hassletimesavor', 'plus', 'true', 'convection', 'cooking', 'us', '1600watt', 'element', 'fan', 'circulate', 'heat', 'around', 'food', 'fast', 'cooking', 'even', 'browningindustry', 'leading', 'cleanrelease', 'nonstick', 'interior', 'requires', 'special', 'cleaner', 'damp', 'cloth', 'sponge', 'thats', 'needed', 'remove', 'cookedon', 'spill', 'splashesrecessed', 'turntable', 'onoff', 'feature', 'especially', 'helpful', 'cooking', 'plate', 'larger', 'turntableautomatic', 'interior', 'incandescent', 'light', 'large', 'window', 'help', 'track', 'cooking', 'progress4speed', 'fan', 'auto', 'vent', 'fan', 'function', 'keep', 'microwave', 'oven', 'overheating', 'vent', 'fan', 'automatically', 'turn', 'high', 'speed', 'temperature', 'range', 'cooktop', 'microwave', 'oven', 'get', 'hotreplaceable', 'charcoal', 'dishwasher', 'safe', 'mesh', 'filter', 'take', 'grease', 'impurity', 'air90', 'hinge', 'innovative', 'hinge', 'design', 'install', 'model', 'next', 'wall', 'still', 'open', 'door', 'easilylimited', '1year', 'warrantyconvertible', 'venting', 'installed', 'vented', 'nonvented', 'recirculating', 'fit', 'variety', 'installation', 'needsaccupop', 'cycle', 'sens', 'perfect', 'pop', 'every', 'time', 'adapts', 'cooking', 'time', 'using', 'sound', 'sensor', 'measure', 'time', 'pop', 'dont', 'worry', 'bag', 'size', 'excessive', 'unpopped', 'kernel', 'finally', 'watch', 'movie', 'microwaveincluded', 'item', 'convection', 'rack', 'suremist', 'steamer', 'cooking', 'rack', 'included', 'cooking', 'rack', 'let', 'microwave', 'two', 'level', 'cook', 'several', 'item', 'onceclick', 'detail', 'service', 'included', 'delivery', 'basic', 'hookup', 'installation', 'option', 'product']"
6,6,100007,"['quantum', 'adjustable', '2light', 'led', 'black', 'emergency', 'lighting', 'unit', 'lithonia', 'lighting', 'provides', 'minimum', 'minute', 'illumination', 'upon', 'loss', 'power', 'adjust', 'direction', 'light', 'using', 'unique', 'trackandswivel', 'design', 'head', 'unit', 'ideal', 'application', 'requiring', 'attractive', 'equipment', 'quick', 'installationadvanced', 'led', 'technology', 'dependable', 'energy', 'efficient2', 'adjustable', 'head', 'allow', 'direct', 'light', 'neededengineeringgrade', 'thermoplastic', 'housing', 'impactresistant', 'scratchresistant', 'corrosionproofintegrated', 'leds', 'mean', 'bulb', 'requiredtypical', 'life', 'leds', 'year', 'maintenancefree', 'operationblack', 'housing', 'ha', 'compact', 'lowprofile', 'designsealed', 'maintenancefree', 'nicad', 'battery', 'delivers', 'minute', 'capacity', 'ledsdual', 'voltage', 'input', 'capability', '277volteasily', 'installs', 'wall', 'ceilingul', 'damplocation', 'listed']"
7,7,100008,"['teks', 'zincplated', 'steel', 'washerhead', 'hex', 'selftapping', 'drillpoint', 'screws', '90pack', 'help', 'fasten', 'metal', 'metal', 'steel', 'screw', 'ideal', 'use', 'metal', 'thicker', 'gauge', 'drill', 'point', 'flute', 'remove', 'material', 'size', 'hole', 'thread', 'install', 'using', 'standard', 'screw', 'gun', 'included', 'hex', 'drive', 'bit', 'included', 'predrilling', 'requiredfor', 'metal', 'metal', 'fasteningideal', 'use', 'metal', 'thicker', 'gaugeuse', 'hvac', 'electrical', 'door', 'applicationsscrews', 'tap', 'headssteel', 'construction112', 'longzincplated']"
8,8,100009,"['get', 'house', 'fara', 'mdf', 'fluted', 'casing', 'add', 'elegant', 'look', 'room', 'preprimed', 'surface', 'free', 'knot', 'ready', 'painted', 'match', 'decor', 'cut', 'installs', 'easily', 'quality', 'look', 'finished', 'unique', 'detail', 'add', 'architectural', 'touch', 'room', 'projectcalifornia', 'resident', 'seenbspproposition', 'informationmade', 'primed', 'mdfcan', 'painted', 'match', 'decorresistant', 'moisturefor', 'interior', 'use96', 'length']"
9,9,100010,"['valley', 'view', 'industries', 'metal', 'stakes', '4pack', 'galvanized', 'steel', 'stake', 'use', 'valley', 'view', 'lawn', 'edging', 'brick', 'paver', 'edging', 'utility', 'stake', 'also', 'used', 'many', 'purpose', 'recommended', 'anchor', 'stake', 'used', 'every', 'five', 'foot', 'design', 'edging', 'straight', 'length', 'curved', 'design', 'edging', 'additional', 'anchor', 'stake', 'recommended', 'curve', 'point', 'anchor', 'stake', 'staked', 'degree', 'angle', 'gloves', 'eye', 'protection', 'recommendedcan', 'used', 'valley', 'view', 'lawn', 'edging', 'brick', 'paver', 'edgingsutility', 'stake', 'used', 'many', 'purposesgalvanized', 'steel', 'strength9', 'lengthpriced', 'competitively', 'yet', 'provides', 'much', 'value', 'product']"
10,10,100011,"['recycler', 'personal', 'pace', 'variable', 'speed', 'selfpropelled', 'gas', 'lawn', 'mower', 'briggs', 'stratton', 'engine', 'homeowner', 'seeking', 'lawn', 'mower', 'high', 'quality', 'userfriendly', 'design', 'excellent', 'mulching', 'capability', 'toro', 'product', 'known', 'smart', 'features', 'proven', 'dependability', 'count', 'itrecycler', 'cutting', 'system', 'front', 'throw', 'chamber', 'atomic', 'blade', 'lift', 'suspend', 'recut', 'clipping', 'fine', 'mulch', 'healthy', 'lush', 'lawn22', 'steel', 'deck', 'atomic', 'bladebriggs', 'stratton', 'gross', 'torque', '190cc', 'engine', 'ready', 'start', 'need', 'prime', 'chokepersonal', 'pace', 'selfpropel', 'system', 'sens', 'smoothly', 'adjusts', 'preferred', 'walking', 'pace3in1', 'mulch', 'side', 'discharge', 'bagbagondemand', 'quickly', 'switch', 'mulching', 'bagging', 'second', 'flipping', 'quickchange', 'leverrear', 'wheel', 'drive', 'self', 'propel', 'provides', 'better', 'traction', 'cutting', 'condition', 'let', 'mower', 'workwashout', 'port', 'attach', 'hose', 'mower', 'deck', 'easily', 'clean', 'underside', 'deckquick', 'connect', 'bagging', 'system9', 'cutting', 'position', 'cutting', 'height', 'range', 'manicure', 'lawn', 'specifications3year', 'guaranteedtostart', '2year', 'full', 'warranty', 'see', 'retailer', 'detailsgross', 'torque', 'engine', 'wa', 'laboratory', 'rated', 'rpm', 'per', 'sae', 'j1940', 'engine', 'manufacturer', 'configured', 'meet', 'safety', 'emission', 'operating', 'requirement', 'actual', 'engine', 'torque', 'class', 'mower', 'significantly', 'lowernote', 'product', 'may', 'vary', 'storehome', 'depot', 'protection', 'plan', 'availableactual', 'product', 'offered', 'may', 'vary']"
11,11,100012,"['wide', 'caramel', 'simple', 'weave', 'rollup', 'bamboo', 'shade', 'add', 'unique', 'casual', 'style', 'room', 'replace', 'white', 'window', 'blind', 'versatile', 'natural', 'shade', 'add', 'warm', 'comforting', 'tone', 'decor', 'cozy', 'natural', 'shade', 'also', 'called', 'bamboo', 'blind', 'bamboo', 'shade', 'composed', 'natural', 'environmental', 'friendly', 'material', 'installs', 'easily', 'simple', 'hook', 'ha', 'textured', 'caramel', 'finish', 'complement', 'many', 'hardwood', 'floor', 'furniture', 'style', 'look', 'great', 'jute', 'sisal', 'rug', 'bamboo', 'flatstick', 'slat', 'held', 'together', 'darkweave', 'cord', 'gently', 'roll', 'sunlight', 'needed', 'textured', 'natural', 'shade', 'stylishly', 'complementary', 'coastal', 'lake', 'beach', 'mountain', 'cottage', 'traditional', 'style', 'interior', 'decorating', 'plan', 'use', 'natural', 'shade', 'outdoors', 'porch', 'deck', 'simply', 'unhook', 'bring', 'indoors', 'easily', 'season', 'choose', 'shade', 'size', 'inch', 'wide', 'larger', 'roll', 'easy', 'lifting', 'sizes', 'narrower', 'wide', 'fold', 'roman', 'style', 'size', 'install', 'easily', 'simple', 'hooks96', 'lactual', 'blind', 'width', 'inno', 'deduction', 'made', 'blind', 'actual', 'width', 'blind', 'width', 'orderedfor', 'inside', 'mount', 'fit', 'window', 'widefor', 'outside', 'mount', 'order', 'width', 'overall', 'area', 'coveredshade', 'provides', 'privacy', 'perfect', 'amount', 'lightships', 'within', 'business', 'daysbamboo', 'slat', 'held', 'dark', 'weave', 'cord', 'warm', 'tone', 'natural', 'beautynatural', 'material', 'may', 'vary', 'slightly', 'colorrolls', 'easily', 'want', 'let', 'additional', 'sunlightinstalls', 'minute', 'included', 'simple', 'hook', 'hardwarefilters', 'light', 'energyefficient', 'insulationincludes', 'matching', 'valance', 'color', 'coordinated', 'weaving', 'thread', 'pull', 'cordsdecorating', 'tip', 'add', 'depth', 'texture', 'room', 'layering', 'textured', 'window', 'shade', 'curtain', 'panel', 'cornice', 'boardsdecorating', 'tip', 'make', 'window', 'look', 'larger', 'hang', 'shade', 'outside', 'molding', 'ceilingnot', 'sure', 'size', 'buy', 'click', 'download', 'printable', 'window', 'treatment', 'measuring', 'guidewarning', 'cord', 'product', 'present', 'potential', 'strangulation', 'hazard', 'child', 'safety', 'consider', 'cordless', 'alternative', 'product', 'inaccessible', 'cord', 'access', 'copy', 'warning', 'label', 'see', 'additional', 'image']"
12,12,100013,"['insinkerator', 'sinktop', 'switch', 'single', 'outlet', 'insinkerator', 'disposers', 'stylish', 'alternative', 'wall', 'switch', 'switch', 'airactivated', 'mount', 'easily', 'sink', 'countertop', 'ideal', 'island', 'installationskit', 'includes', 'satin', 'nickel', 'chrome', 'white', 'finish', 'button', 'complement', 'decorcompatible', 'disposers', 'ac', 'sinksuitable', 'kitchen', 'island', 'installationsincludes', 'fitting', 'required', 'install', 'single', 'outlet', 'sink', 'top', 'switchadditional', 'button', 'finish', 'available', 'include', 'gloss', 'black', 'biscuit', 'mocha', 'bronze', 'oilrubbed', 'bronze', 'matte', 'black', 'french', 'gold']"
13,13,100014,"['rubbermaid', '1step', 'folding', 'plastic', 'step', 'stool', 'perfect', 'tool', 'need', 'extra', 'height', 'kitchen', 'bathroom', 'office', 'garage', 'folding', 'stool', 'feature', 'solid', 'onepiece', 'platform', 'top', 'step', 'making', 'much', 'stronger', 'sturdier', 'folding', 'stool', 'designed', 'easyfolding', 'frame', 'locking', 'top', 'step', 'weight', 'capacity', 'youll', 'feel', 'safe', 'comfortable', 'getting', 'hard', 'reach', 'place', 'step', 'stool', 'feature', 'nonslip', 'grip', 'foot', 'standing', 'platformfolds', 'easy', 'storage', 'virtually', 'anywhere300', 'load', 'capacitycomfortable', 'solid', 'standing', 'surfaceeasy', 'use']"
14,14,100015,"['backyard', 'xscapes', 'us', 'finest', 'bamboo', 'cane', 'anji', 'mountain', 'located', 'china', 'manufacturer', 'bamboo', 'fencing', 'bamboo', 'fencing', 'go', 'rigorous', 'process', 'ensure', 'customer', 'receiving', 'quality', 'bamboo', 'product', 'held', 'together', 'galvanized', 'steel', 'wire', 'cut', 'cap', 'top', 'construction', 'give', 'consumer', 'ability', 'easily', 'install', 'panel', 'additional', 'hardware', 'supply', 'versatility', 'panel', 'range', 'gate', 'door', 'additive', 'shade', 'roof', 'accent', 'use', 'economical', 'friendly', 'resource', 'help', 'enhance', 'indoor', 'andor', 'outdoor', 'appearancepest', 'resistantstrong', 'durableeasy', 'installationtreatment', 'fencing', 'treated', 'always', 'apply', 'good', 'quality', 'oil', 'based', 'uvresistant', 'wood', 'sealant', 'using', 'brush', 'best', 'applicationapprox', 'diameter', 'natural', 'colorheavy', 'duty', 'galvanized', 'steel', 'wire']"
15,15,100016,"['make', 'grilling', 'great', 'handsome', 'functional', 'grill', 'gazebo', 'grill', 'gazebo', 'great', 'gift', 'anyone', 'love', 'grill', 'included', 'providing', 'shade', 'protection', 'harmful', 'uv', 'ray', 'rain', 'debris', 'grill', 'gazebo', 'help', 'keep', 'grill', 'looking', 'great', 'keep', 'cool', 'grilling', 'hot', 'summer', 'sun', 'grill', 'gazebo', 'come', 'rich', 'brown', 'canopy', 'black', 'frame', 'foot', 'width', 'mean', 'easily', 'fit', 'size', 'grill', 'beneath', 'standing', 'foot', 'tall', 'even', 'tallest', 'grill', 'afficionado', 'fit', 'beneath', 'comfortably', 'upgrade', 'grilling', 'today', 'addition', 'stunning', 'grill', 'gazebovented', 'canopybuilt', 'lattice', 'work', 'great', 'holding', 'grill', 'accessories2', 'built', 'tile', 'shelvesversatile', 'design', 'coordinate', 'easilydurable', 'powder', 'coated', 'finishlow', 'maintenance', 'easy', 'clean']"
16,16,100017,"['md', 'building', 'products', 'aluminum', 'cloverleaf', 'natural', 'sheet', 'mill', 'finish', 'lightweight', 'strong', 'rust', 'resistant', 'making', 'suitable', 'variety', 'home', 'repair', 'project', 'easy', 'cut', 'form', 'feature', 'stylish', 'cloverleaf', 'designuse', 'repair', 'door', 'window', 'screen', 'add', 'stylish', 'accent', 'room', 'divider', 'cabinet', 'frontslightweight', 'sturdy', 'constructioneasy', 'cut', 'formrust', 'resistant36', 'inmill', 'aluminum', 'finishstylish', 'cloverleaf', 'design']"
17,17,100018,"['classic', 'plastic', 'sprinkler', 'head', 'fit', 'jw82', 'gal', 'watering', 'creating', 'gentle', 'shower', 'flower', 'make', 'plasticsize', 'diameter', 'tallthreaded', 'sprinkler', 'head', 'easily', 'attachescolor', 'whitemade', 'usa']"
18,18,100019,"['house', 'fara', 'linear', 'primed', 'mdf', 'overlapping', 'wainscot', 'paneling', 'help', 'create', 'linear', 'section', 'wainscot', 'chair', 'rail', 'base', 'moulding', 'paint', 'easy', 'install', 'primed', 'paneling', 'complement', 'decor', 'unique', 'detail', 'add', 'architectural', 'touch', 'room', 'projectcalifornia', 'resident', 'seenbspproposition', 'informationmdf', 'kit', 'includes', '1piece', 'chairrail', '1piece', 'base', 'piece', 'panelsoverlapping', 'wainscotprimed', 'ready', 'painted', 'preferenceeasy', 'install', 'instruction', 'includedkit', 'includes', 'chair', 'rail', 'base', 'moulding']"
19,19,100020,"['unique', 'led', 'multicolor', 'stick', 'sure', 'add', 'many', 'location', 'within', 'home', 'flexibility', 'linkable', 'give', 'many', 'option', 'particularly', 'cabinet', 'use', 'convenient', 'three', 'pack', 'sticksgreat', 'led', 'technology5', 'wattlast', 'hourscsa', 'ul', 'approvedhome', 'depot', 'protection', 'plan']"
20,20,100021,"['installed', 'park', 'backyard', 'across', 'globe', 'rain', 'birds', 'series', 'selling', 'commercialgrade', 'popup', 'sprinkler', 'world', 'chosen', 'reliability', 'heavyduty', 'material', 'versatility', 'series', 'offer', 'broad', 'selection', 'spray', 'head', 'watering', 'shrub', 'small', 'lawn', 'irregularly', 'shaped', 'planting', 'area', 'precision', 'spray', 'head', 'nozzle', 'customize', 'watering', 'system', 'cover', 'virtually', 'configuration', 'lawn', 'garden', 'sidewalk', 'driveway', 'series', 'offer', 'rain', 'birds', 'patented', 'popup', 'mechanism', 'outofsight', 'retraction', 'lawn', 'operation', 'wide', 'choice', 'nozzle', 'provides', 'full', 'circle', 'partial', 'circle', 'coverage', 'infinite', 'pattern', 'adjustment', 'optimum', 'headtohead', 'coveragespray', 'distance', 'ftpatented', 'closein', 'watering', 'efficient', 'uniform', 'water', 'coverage', 'resulting', 'elimination', 'dry', 'brown', 'spotsheavyduty', 'stainlesssteel', 'spring', 'help', 'ensure', 'flush', 'retractionpopup', 'sprinkler', 'head', 'feature', 'topadjustment', 'screw', 'adjust', 'spray', 'distance4', 'popup', 'heightdual', 'spray', 'technology', 'water', 'efficiencyreduces', 'water', 'waste', 'windy', 'conditionsnote', 'product', 'may', 'vary', 'store']"
21,21,100022,"['samsung', 'front', 'load', 'washer', 'steam', 'white', 'highefficiency', 'energy', 'starcee', 'tier', '3rated', 'washer', 'equipped', 'vibrationreduction', 'technology', 'clean', 'toughest', 'stain', 'ha', 'capacity', 'wash', 'king', 'size', 'comforter', 'stainless', 'steel', 'diamond', 'drum', 'gentler', 'clothes', 'traditional', 'washer', 'pure', 'cycle', 'keep', 'drum', 'fresh', 'offer', 'flexibility', 'nine', 'cycle', 'wa', 'constructed', 'premium', 'material', 'backed', '10year', 'manufacturer', 'warranty', 'motor42', 'doe', 'stainless', 'steel', 'basket', 'handle', 'bigger', 'load', 'let', 'enjoy', 'time', 'living', 'room', 'instead', 'laundry', 'roomstainless', 'steel', 'diamond', 'drum', 'wont', 'rust', 'damage', 'clothingsanitizing', 'cycle', 'cleaner', 'wash', 'ensures', 'right', 'water', 'temperature', 'activates', 'nsf', 'sanitize', 'cycle', 'bacteriafree', 'laundrysteam', 'stain', 'option', 'available', 'allergen', 'cycle', 'us', 'combination', 'water', 'temperature', 'steam', 'provide', 'optimal', 'environment', 'detergent', 'enzyme', 'work', 'removing', 'organic', 'stainsfeatures', 'nine', 'cycle', 'eco', 'wash', 'normal', 'heavy', 'duty', 'permanent', 'press', 'sanitize', 'bedding', 'deep', 'steam', 'delicates', 'woolenergy', 'star', 'cee', 'tier', '3ratedelectronic', 'control', 'provide', 'easy', '1touch', 'operation', 'cycle', 'display', 'timepreset', 'cycle', 'allow', 'customize', 'soil', 'spin', 'level', 'provide', 'ideal', 'wash', 'setting', 'best', 'resultsautomatic', 'water', 'level', 'adjustment', 'help', 'save', 'energy', 'costsdelay', 'start', 'feature', 'begin', 'operation', 'convenient', 'schedulevibrationreduction', 'technology', 'special', 'sensor', 'keep', 'drum', 'balanced', 'hardly', 'know', 'washer', 'onergonomic', 'frontload', 'design', 'make', 'loading', 'unloading', 'simple', 'easystackable', 'design', 'provides', 'allin1', 'vertical', 'look', 'maximize', 'floor', 'spacepedestal', 'shown', 'product', 'image', 'included', 'purchase', 'offered', 'separately', 'appliance', 'checkoutcan', 'used', 'highefficiency', 'detergent', 'typically', 'two', 'tablespoon', 'per', 'loadplease', 'note', 'home', 'depot', 'hook', 'washer', 'used', 'fill', 'hose', 'new', 'fill', 'hose', 'offered', 'appliance', 'checkoutclick', 'detail', 'service', 'included', 'delivery', 'basic', 'hookup', 'installation', 'option', 'major', 'appliances']"
22,22,100023,"['quikrete', 'crackresistant', 'concrete', 'designed', 'significantly', 'reduce', 'amount', 'cracking', 'caused', 'drying', 'shrinkage', 'concrete', 'ideal', 'driveway', 'walkway', 'floor', 'sidewalk', 'patio', 'special', 'blend', 'cement', 'sand', 'gravel', 'fiber', 'admixture', 'make', 'perfect', 'concrete', 'professional', 'novice', 'user', 'want', 'tackle', 'concrete', 'projectdesigned', 'used', 'slabongrade', 'application', 'without', 'use', 'wire', 'meshreduces', 'amount', 'cracking', 'caused', 'drying', 'shrinkageoffers', 'superior', 'workabilityprovides', 'superior', 'impact', 'resistance4000', 'concrete', 'mixnote', 'product', 'may', 'vary', 'store']"
23,23,100024,"['smartphones', 'refrigerator', 'everything', 'gasfree', '1250watt', 'generator', 'situation', 'silent', 'safe', 'easy', 'use', 'indoors', 'powerful', 'enough', 'backup', 'critical', 'appliance', 'refrigerator', 'freezer', 'well', 'home', 'health', 'care', 'equipment', 'power', 'tool', 'whether', 'backup', 'power', 'camping', 'tailgating', 'light', 'duty', 'construction', 'yeti', 'generator', 'get', 'donepower', 'light', 'tool', 'refrigerator', 'freezer', 'health', 'care', 'equipmentsilent', 'safe', 'noise', 'fumespower', 'tool', 'light', 'refrigerator', 'freezer', 'health', 'care', 'equipmentsafe', 'operate', 'indoors', 'cord', 'coming', 'outsidehome', 'depot', 'protection', 'plan']"
24,24,100025,"['save', 'back', 'make', 'moving', 'easier', 'telescopic', 'furniture', 'dolly', 'easily', 'adjust', 'sturdy', 'stainless', 'steel', 'bar', 'fit', 'larger', 'furniture', 'rubber', 'swivel', 'wheel', 'make', 'moving', 'large', 'heavy', 'object', 'around', 'corner', 'breeze', 'rear', 'locking', 'wheel', 'ensure', 'furniture', 'wont', 'roll', 'awayeasy', 'assemblytelescopic', 'dollyrubber', 'swivel', 'wheels2', 'locking', 'wheels4', 'sturdy', 'pvc', 'corner', 'pieces4', 'sturdy', 'stainless', 'steel', 'polesweight', 'limit', 'lbseach', 'side', 'extends', 'length']"
25,25,100026,"['yorkstone', 'patio', 'uniquely', 'designed', 'basketweave', 'pattern', 'add', 'beautiful', 'addition', 'backyard', 'get', 'expensive', 'natural', 'stone', 'look', 'fraction', 'price', 'entire', 'patio', 'one', 'palletbeautiful', 'color', 'blend', 'natural', 'stone', 'textureincludes', 'two', 'different', 'sized', 'patio', 'block', 'inprinted', 'pattern', 'included', 'pallet', 'easy', 'installation', 'visualuse', 'make', 'basket', 'weave', 'style', 'walkwaypurchase', 'multiple', 'patio', 'install', 'around', 'inground', 'pool', 'make', 'larger', 'outdoor', 'living', 'spacefor', 'installing', 'around', 'step', 'flowerbed', 'use', 'wet', 'masonry', 'saw', 'blade', 'cut', 'fit']"
26,26,100027,"['ultratouch', 'radiant', 'barrier', 'easy', 'use', 'install', 'made', 'recycled', 'natural', 'fiber', 'radiant', 'barrier', 'provides', 'excellent', 'thermal', 'acoustical', 'insulation', 'reflecting', 'radiant', 'energy', 'excellent', 'saving', 'heating', 'cooling', 'costsreflects', 'radiant', 'energy', 'reducing', 'heating', 'cooling', 'costseasy', 'use', 'installrecycled', 'naturalfiber', 'padding', 'durableblankettype', 'foilfaced', 'insulation', 'lightweight', 'versatileexcellent', 'acoustical', 'performanceclassa', 'class1', 'fire', 'rating']"
27,27,100028,"['reed', 'fencing', 'convenient', 'cost', 'effective', 'way', 'add', 'texture', 'dynamic', 'aesthetic', 'home', 'garden', 'fencing', 'constructed', 'fresh', 'water', 'reed', 'grows', 'abundantly', 'along', 'river', 'bank', 'wetland', 'estuary', 'preassembled', 'panel', 'carefully', 'woven', 'together', 'vinyl', 'coated', 'wire', 'ensure', 'durability', 'remaining', 'seamless', 'lightweight', 'material', 'perfect', 'easily', 'covering', 'unsightly', 'structure', 'old', 'fencing', 'add', 'tropical', 'aesthetic', 'landscape', 'pool', 'area', 'using', 'reed', 'fencing', 'screen', 'also', 'aid', 'enhancing', 'privacy', 'home', 'garden', 'using', 'renewable', 'resource', 'excellent', 'way', 'aid', 'preserving', 'environment', 'abundant', 'growth', 'rate', 'fresh', 'water', 'reed', 'make', 'ecofriendly', 'optionfresh', 'water', 'reed', 'ha', 'rapid', 'growth', 'rate', 'make', 'ecofriendly', 'optionefficiently', 'create', 'privacy', 'screen', 'home', 'yardproduct', 'measure', 'dia', 'high', 'longeasily', 'connect', 'additional', 'panel', 'tying', 'together', 'wire']"
28,28,100029,"['achieving', 'vintage', 'timeworn', 'look', 'simple', 'start', 'right', 'paint', 'americana', 'decorchalky', 'finish', 'paint', 'creating', 'beautiful', 'home', 'decor', 'furniture', 'piece', 'doe', 'require', 'skill', 'hour', 'training', 'make', 'storebought', 'piece', 'flea', 'market', 'find', 'look', 'like', 'came', 'european', 'estate', 'sale', 'french', 'countryside', 'cottage', 'using', 'americana', 'decor', 'chalky', 'finish', 'paintultramatte', 'sheen', 'quickly', 'customized', 'different', 'wax', 'varnish', 'delivers', 'smooth', 'soft', 'finish', 'every', 'timeone', 'coat', 'coverage', 'sealed', 'surface', 'base', 'color', 'one', 'cover', 'ftcleans', 'easily', 'soap', 'waterno', 'need', 'use', 'primer', 'reliable', 'adhesion', 'surface', 'without', 'sanding', 'using', 'layer', 'primerfinal', 'packaging', 'varyclick', 'learn', 'chalky', 'finish', 'paintchalky', 'finish', 'also', 'available', 'following', 'colorsonline', 'price', 'includes', 'paint', 'care', 'fee', 'following', 'state', 'ca', 'co', 'ct', 'mn', 'ri', 'vt']"
29,29,100030,"['white', 'designer', 'shelf', 'brackets', 'offer', 'stylish', 'alternative', 'typical', 'shelf', 'bracket', 'feature', 'seamless', 'white', 'vinyl', 'cover', 'placed', 'bracket', 'base', 'hide', 'hardware', 'provide', 'clean', 'simple', 'lookweight', 'capacity', 'per', 'pair', 'bracket', 'mounted', 'wall', 'studsdurable', 'steel', 'constructionsupports', 'shelving', 'display', 'home', 'decor', 'itemseasy', 'installation1', 'bracket', 'vinyl', 'cover', 'includedneutral', 'color', 'blend', 'home', 'decor', 'stylesupports', 'shelf', 'deep']"
